{"network":{"id":1,"name":"stable-tap","status":3,"path":"/Users/bryan/.polar/networks/1","nodes":{"bitcoin":[{"id":0,"networkId":1,"name":"backend1","type":"bitcoin","implementation":"bitcoind","version":"27.0","peers":[],"status":3,"ports":{"rpc":18443,"p2p":19444,"zmqBlock":28334,"zmqTx":29335},"docker":{"image":"","command":""}}],"lightning":[{"id":0,"networkId":1,"name":"alice","type":"lightning","implementation":"LND","version":"0.18.4-beta.rc1","status":3,"backendName":"backend1","paths":{"tlsCert":"/Users/bryan/.polar/networks/1/volumes/lnd/alice/tls.cert","adminMacaroon":"/Users/bryan/.polar/networks/1/volumes/lnd/alice/data/chain/bitcoin/regtest/admin.macaroon","invoiceMacaroon":"/Users/bryan/.polar/networks/1/volumes/lnd/alice/data/chain/bitcoin/regtest/invoice.macaroon","readonlyMacaroon":"/Users/bryan/.polar/networks/1/volumes/lnd/alice/data/chain/bitcoin/regtest/readonly.macaroon"},"ports":{"rest":8081,"grpc":10001,"p2p":9735},"docker":{"image":"","command":""}},{"id":1,"networkId":1,"name":"bob","type":"lightning","implementation":"LND","version":"0.18.4-beta.rc1","status":3,"backendName":"backend1","paths":{"tlsCert":"/Users/bryan/.polar/networks/1/volumes/lnd/bob/tls.cert","adminMacaroon":"/Users/bryan/.polar/networks/1/volumes/lnd/bob/data/chain/bitcoin/regtest/admin.macaroon","invoiceMacaroon":"/Users/bryan/.polar/networks/1/volumes/lnd/bob/data/chain/bitcoin/regtest/invoice.macaroon","readonlyMacaroon":"/Users/bryan/.polar/networks/1/volumes/lnd/bob/data/chain/bitcoin/regtest/readonly.macaroon"},"ports":{"rest":8082,"grpc":10002,"p2p":9736},"docker":{"image":"","command":""}}],"tap":[{"id":0,"networkId":1,"name":"alice-tap","type":"tap","implementation":"tapd","version":"0.5.0-rc1","status":3,"lndName":"alice","paths":{"tlsCert":"/Users/bryan/.polar/networks/1/volumes/tapd/alice-tap/tls.cert","adminMacaroon":"/Users/bryan/.polar/networks/1/volumes/tapd/alice-tap/data/regtest/admin.macaroon"},"ports":{"rest":8289,"grpc":12029},"docker":{"image":"","command":""}},{"id":1,"networkId":1,"name":"bob-tap","type":"tap","implementation":"tapd","version":"0.5.0-rc1","status":3,"lndName":"bob","paths":{"tlsCert":"/Users/bryan/.polar/networks/1/volumes/tapd/bob-tap/tls.cert","adminMacaroon":"/Users/bryan/.polar/networks/1/volumes/tapd/bob-tap/data/regtest/admin.macaroon"},"ports":{"rest":8290,"grpc":12030},"docker":{"image":"","command":""}}]},"autoMineMode":0},"chart":{"offset":{"x":0,"y":0},"nodes":{"backend1":{"id":"backend1","type":"bitcoin","position":{"x":520,"y":540},"ports":{"backend":{"id":"backend","type":"top","position":{"x":100,"y":0}},"peer-left":{"id":"peer-left","type":"left","position":{"x":0,"y":22}},"peer-right":{"id":"peer-right","type":"right","position":{"x":200,"y":22}}},"size":{"width":200,"height":43},"properties":{"status":3,"icon":"./static/media/bitcoin.c9f33461.svg"}},"alice":{"id":"alice","type":"lightning","position":{"x":200,"y":300},"ports":{"empty-left":{"id":"empty-left","type":"left","position":{"x":0,"y":22}},"empty-right":{"id":"empty-right","type":"right","position":{"x":200,"y":22}},"backend":{"id":"backend","type":"bottom","position":{"x":100,"y":43}},"lndbackend":{"id":"lndbackend","type":"top","position":{"x":100,"y":0}}},"size":{"width":200,"height":43},"properties":{"status":3,"icon":"./static/media/lnd.095d2fef.png"}},"bob":{"id":"bob","type":"lightning","position":{"x":840,"y":300},"ports":{"empty-left":{"id":"empty-left","type":"left","position":{"x":0,"y":22}},"empty-right":{"id":"empty-right","type":"right","position":{"x":200,"y":22}},"backend":{"id":"backend","type":"bottom","position":{"x":100,"y":43}},"lndbackend":{"id":"lndbackend","type":"top","position":{"x":100,"y":0}}},"size":{"width":200,"height":43},"properties":{"status":3,"icon":"./static/media/lnd.095d2fef.png"}},"alice-tap":{"id":"alice-tap","type":"tap","position":{"x":200,"y":140},"ports":{"lndbackend":{"id":"lndbackend","type":"bottom","position":{"x":100,"y":43}}},"size":{"width":200,"height":43},"properties":{"status":3,"icon":"./static/media/tap.b0998959.svg"}},"bob-tap":{"id":"bob-tap","type":"tap","position":{"x":840,"y":140},"ports":{"lndbackend":{"id":"lndbackend","type":"bottom","position":{"x":100,"y":43}}},"size":{"width":200,"height":43},"properties":{"status":3,"icon":"./static/media/tap.b0998959.svg"}}},"links":{"alice-backend1":{"id":"alice-backend1","from":{"nodeId":"alice","portId":"backend"},"to":{"nodeId":"backend1","portId":"backend"},"properties":{"type":"backend"}},"bob-backend1":{"id":"bob-backend1","from":{"nodeId":"bob","portId":"backend"},"to":{"nodeId":"backend1","portId":"backend"},"properties":{"type":"backend"}},"alice-tap-alice":{"id":"alice-tap-alice","from":{"nodeId":"alice-tap","portId":"lndbackend"},"to":{"nodeId":"alice","portId":"lndbackend"},"properties":{"type":"lndbackend"}},"bob-tap-bob":{"id":"bob-tap-bob","from":{"nodeId":"bob-tap","portId":"lndbackend"},"to":{"nodeId":"bob","portId":"lndbackend"},"properties":{"type":"lndbackend"}}},"selected":{"type":"node","id":"alice-tap"},"hovered":{},"scale":1}}